id,competitor_name,ai_main_topic,ai_sub_topic,ai_content_type,ai_keywords,ai_cta,ai_offer_pattern
1,Naturals Salon,Before/After Transformation,General,Promotional,"salon, hair, beauty, before/after transformation",Book now,N/A
2,Enrich Salon,Festival Offer,General,Educational,"salon, hair, beauty, festival offer",Call to book,Discount
3,Jawed Habib,Hair Color Trends,General,Seasonal,"salon, hair, beauty, hair color trends",Learn more,N/A
4,Looks Salon,Hair Care Tips,General,Announcement,"salon, hair, beauty, hair care tips",Visit us,Discount
5,Green Trends,Bridal Package,General,Engagement,"salon, hair, beauty, bridal package",Message us on WhatsApp,Discount
6,Naturals Salon,New Service/Product,General,Promotional,"salon, hair, beauty, new service/product",Book now,N/A
7,Enrich Salon,Hair Care Tips,General,Educational,"salon, hair, beauty, hair care tips",Call to book,Discount
8,Jawed Habib,Appointment Availability,General,Seasonal,"salon, hair, beauty, appointment availability",Learn more,N/A
9,Looks Salon,Hair Care Tips,General,Announcement,"salon, hair, beauty, hair care tips",Visit us,Discount
10,Green Trends,Appointment Availability,General,Engagement,"salon, hair, beauty, appointment availability",Message us on WhatsApp,N/A
11,Naturals Salon,Hair Care Tips,General,Promotional,"salon, hair, beauty, hair care tips",Book now,Discount
12,Enrich Salon,Hair Care Tips,General,Educational,"salon, hair, beauty, hair care tips",Call to book,Discount
13,Jawed Habib,Appointment Availability,General,Seasonal,"salon, hair, beauty, appointment availability",Learn more,N/A
14,Looks Salon,Seasonal Discount,General,Announcement,"salon, hair, beauty, seasonal discount",Visit us,Discount
15,Green Trends,Hair Care Tips,General,Engagement,"salon, hair, beauty, hair care tips",Message us on WhatsApp,Discount
16,Naturals Salon,Festival Offer,General,Promotional,"salon, hair, beauty, festival offer",Book now,Discount
17,Enrich Salon,Hair Color Trends,General,Educational,"salon, hair, beauty, hair color trends",Call to book,N/A
18,Jawed Habib,Seasonal Discount,General,Seasonal,"salon, hair, beauty, seasonal discount",Learn more,Discount
19,Looks Salon,Bridal Package,General,Announcement,"salon, hair, beauty, bridal package",Visit us,Discount
20,Green Trends,New Service/Product,General,Engagement,"salon, hair, beauty, new service/product",Message us on WhatsApp,N/A
21,Naturals Salon,Staff Spotlight,General,Promotional,"salon, hair, beauty, staff spotlight",Book now,N/A
22,Enrich Salon,Hair Care Tips,General,Educational,"salon, hair, beauty, hair care tips",Call to book,Discount
23,Jawed Habib,Seasonal Discount,General,Seasonal,"salon, hair, beauty, seasonal discount",Learn more,Discount
24,Looks Salon,Before/After Transformation,General,Announcement,"salon, hair, beauty, before/after transformation",Visit us,N/A
25,Green Trends,Hair Care Tips,General,Engagement,"salon, hair, beauty, hair care tips",Message us on WhatsApp,Discount
26,Naturals Salon,Hair Care Tips,General,Promotional,"salon, hair, beauty, hair care tips",Book now,Discount
27,Enrich Salon,Before/After Transformation,General,Educational,"salon, hair, beauty, before/after transformation",Call to book,N/A
28,Jawed Habib,Keratin Treatment,General,Seasonal,"salon, hair, beauty, keratin treatment",Learn more,N/A
29,Looks Salon,Festival Offer,General,Announcement,"salon, hair, beauty, festival offer",Visit us,Discount
30,Green Trends,Bridal Package,General,Engagement,"salon, hair, beauty, bridal package",Message us on WhatsApp,Discount
31,Naturals Salon,Hair Color Trends,General,Promotional,"salon, hair, beauty, hair color trends",Book now,N/A
32,Enrich Salon,New Service/Product,General,Educational,"salon, hair, beauty, new service/product",Call to book,N/A
33,Jawed Habib,Bridal Package,General,Seasonal,"salon, hair, beauty, bridal package",Learn more,Discount
34,Looks Salon,Hair Care Tips,General,Announcement,"salon, hair, beauty, hair care tips",Visit us,Discount
35,Green Trends,Hair Care Tips,General,Engagement,"salon, hair, beauty, hair care tips",Message us on WhatsApp,Discount
36,Naturals Salon,Festival Offer,General,Promotional,"salon, hair, beauty, festival offer",Book now,Discount
37,Enrich Salon,Hair Color Trends,General,Educational,"salon, hair, beauty, hair color trends",Call to book,N/A
38,Jawed Habib,Appointment Availability,General,Seasonal,"salon, hair, beauty, appointment availability",Learn more,N/A
39,Looks Salon,Before/After Transformation,General,Announcement,"salon, hair, beauty, before/after transformation",Visit us,N/A
40,Green Trends,Bridal Package,General,Engagement,"salon, hair, beauty, bridal package",Message us on WhatsApp,Discount
41,Naturals Salon,Appointment Availability,General,Promotional,"salon, hair, beauty, appointment availability",Book now,N/A
42,Enrich Salon,Before/After Transformation,General,Educational,"salon, hair, beauty, before/after transformation",Call to book,N/A
43,Jawed Habib,Keratin Treatment,General,Seasonal,"salon, hair, beauty, keratin treatment",Learn more,N/A
44,Looks Salon,Hair Color Trends,General,Announcement,"salon, hair, beauty, hair color trends",Visit us,N/A
45,Green Trends,Festival Offer,General,Engagement,"salon, hair, beauty, festival offer",Message us on WhatsApp,Discount
46,Naturals Salon,Bridal Package,General,Promotional,"salon, hair, beauty, bridal package",Book now,Discount
47,Enrich Salon,Appointment Availability,General,Educational,"salon, hair, beauty, appointment availability",Call to book,N/A
48,Jawed Habib,Seasonal Discount,General,Seasonal,"salon, hair, beauty, seasonal discount",Learn more,Discount
49,Looks Salon,Keratin Treatment,General,Announcement,"salon, hair, beauty, keratin treatment",Visit us,N/A
50,Green Trends,Before/After Transformation,General,Engagement,"salon, hair, beauty, before/after transformation",Message us on WhatsApp,N/A
51,Naturals Salon,Staff Spotlight,General,Promotional,"salon, hair, beauty, staff spotlight",Book now,N/A
52,Enrich Salon,Hair Care Tips,General,Educational,"salon, hair, beauty, hair care tips",Call to book,Discount
53,Jawed Habib,Appointment Availability,General,Seasonal,"salon, hair, beauty, appointment availability",Learn more,N/A
54,Looks Salon,Keratin Treatment,General,Announcement,"salon, hair, beauty, keratin treatment",Visit us,N/A
55,Green Trends,Festival Offer,General,Engagement,"salon, hair, beauty, festival offer",Message us on WhatsApp,Discount
