id,competitor_name,post_url,source_url,post_text,published_date,images,call_to_action,detected_topic,detected_keywords,scrape_date,scrape_job_id,fingerprint
1,Naturals Salon,,https://maps.google.com/maps?cid=1001,"Check out this incredible hair transformation! #00 Our client came in with damaged, frizzy hair and left with smooth, shiny, healthy locks. All thanks to our signature Brazilian Blowout treatment. Book your transformation today!",2026-10-02,static/media/1/1/demo_7c54f96a.jpg,Book now,Hair Care Tips,"[""hair"", ""treatment""]",2026-10-02T16:05:24.630940,,b31edadb7a11d12c7a9b6ccc48d85a330f8896fbda85400ba4d2d44e15d247ac
2,Enrich Salon,,https://maps.google.com/maps?cid=1002,"Navratri is here! #01 Get festival-ready with our special Garba Glam package — includes blow-dry, styling & nail art at just ₹999. Limited slots available. Book now!",2026-10-01,static/media/1/2/demo_bdfc09d2.jpg,Call to book,Festival Offer,"[""nail""]",2026-10-01T16:05:24.630940,,4650708950894764cf0ca756f6c4eb31e150d785711aad18a4ee2b7270fc6414
3,Jawed Habib,,https://maps.google.com/maps?cid=1003,Balayage is trending this season and we're obsessed! #02 Our expert colorists craft custom balayage looks tailored to your skin tone. Get a free consultation this week. Limited slots!,2026-09-30,static/media/1/3/demo_03bb12d2.jpg,Learn more,Appointment Availability,"[""color"", ""skin""]",2026-09-30T16:05:24.630940,,438ceae31f4e250ab9f326e6da1fedfdf2eac543daa27552cc8c328e7cb03acd
4,Looks Salon,,https://maps.google.com/maps?cid=1004,Monsoon hair woes? Our expert stylists recommend a weekly oil massage and protein treatment to keep your locks healthy. Visit us this week and enjoy 15% off all conditioning services. Call to book your slot! #03,2026-09-29,static/media/1/4/demo_e592b02e.jpg,Visit us,Hair Care Tips,"[""hair"", ""treatment""]",2026-09-29T16:05:24.630940,,71dc089fc042e5cea630c7ba5676d41f9f5d3586745d7c33b61ecb27f5d0f807
5,Green Trends,,https://maps.google.com/maps?cid=1005,"Our Dream Bridal Package includes pre-bridal facials, hair spa, mehendi, makeup trial and final day makeup. Packages starting at ₹19,999. Book your bridal consultation today! #04",2026-09-28,static/media/1/5/demo_d2b37928.jpg,Message us on WhatsApp,Hair Care Tips,"[""hair"", ""bridal"", ""facial"", ""spa"", ""makeup""]",2026-09-28T16:05:24.630940,,fe8b4cb998df79e22a386b94ccf7a268709c53135e81548759ef5e8939bebbe6
6,Naturals Salon,,https://maps.google.com/maps?cid=1001,We're excited to announce our new Scalp Micropigmentation service! #05 Perfect for those experiencing hair thinning or baldness. Consult our certified specialists. First 10 bookings get a complimentary scalp analysis!,2026-09-27,static/media/1/1/demo_83c09b23.jpg,Book now,New Service/Product,"[""hair"", ""booking""]",2026-10-02T16:05:24.630940,,34ed61b7dce5f7a58a1daa4d562a8cf77660d0245e7697394c428730652a4915
7,Enrich Salon,,https://maps.google.com/maps?cid=1002,Monsoon hair woes? Our expert stylists recommend a weekly oil massage and protein treatment to keep your locks healthy. Visit us this week and enjoy 15% off all conditioning services. Call to book your slot! #06,2026-09-26,static/media/1/2/demo_7269d0aa.jpg,Call to book,Hair Care Tips,"[""hair"", ""treatment""]",2026-10-01T16:05:24.630940,,35fa8323dc97f9035fca99407eb0b4c93397eb277b546cb404df9eba05cd9ea8
8,Jawed Habib,,https://maps.google.com/maps?cid=1003,"Good news — slots are now open for this weekend! #07 Whether you need a quick trim, full color, or a bridal trial, we have you covered. Book via link in bio or call us directly.",2026-09-25,static/media/1/3/demo_9095d509.jpg,Learn more,Appointment Availability,"[""color"", ""bridal""]",2026-09-30T16:05:24.630940,,3cd523165bfa9e38078373f2d52d0df47e85312cc17b9166a5bd05f1643cbe9c
9,Looks Salon,,https://maps.google.com/maps?cid=1004,Monsoon hair woes? Our expert stylists recommend a weekly oil massage and protein treatment to keep your locks healthy. Visit us this week and enjoy 15% off all conditioning services. Call to book your slot! #08,2026-09-24,static/media/1/4/demo_1d18b196.jpg,Visit us,Hair Care Tips,"[""hair"", ""treatment""]",2026-09-29T16:05:24.630940,,b003f7d5ba7c38b648eee27c84cb591547be699aebb5d59b5ae8b759c95c8c20
10,Green Trends,,https://maps.google.com/maps?cid=1005,"Good news — slots are now open for this weekend! #09 Whether you need a quick trim, full color, or a bridal trial, we have you covered. Book via link in bio or call us directly.",2026-09-23,static/media/1/5/demo_b67bb93e.jpg,Message us on WhatsApp,Appointment Availability,"[""color"", ""bridal""]",2026-09-28T16:05:24.630940,,916d851afc68a65c87868d36ac78109e5ba8c7a12bdbae40d0be0d84b9afa4ca
11,Naturals Salon,,https://maps.google.com/maps?cid=1001,Monsoon hair woes? Our expert stylists recommend a weekly oil massage and protein treatment to keep your locks healthy. Visit us this week and enjoy 15% off all conditioning services. Call to book your slot! #10,2026-09-22,static/media/1/1/demo_2a5059c8.jpg,Book now,Hair Care Tips,"[""hair"", ""treatment""]",2026-10-02T16:05:24.630940,,0350a193d07b9423c940dfc05f2f9635e8c15f0ce17dcf289666090c57892d79
12,Enrich Salon,,https://maps.google.com/maps?cid=1002,Monsoon hair woes? Our expert stylists recommend a weekly oil massage and protein treatment to keep your locks healthy. Visit us this week and enjoy 15% off all conditioning services. Call to book your slot! #11,2026-09-21,static/media/1/2/demo_647c1a77.jpg,Call to book,Hair Care Tips,"[""hair"", ""treatment""]",2026-10-01T16:05:24.630940,,c473f889010c246723f6812b91145a293bc97f2d81ee7e69f0fb1294424ff5a0
13,Jawed Habib,,https://maps.google.com/maps?cid=1003,"Good news — slots are now open for this weekend! #12 Whether you need a quick trim, full color, or a bridal trial, we have you covered. Book via link in bio or call us directly.",2026-09-20,static/media/1/3/demo_a123bd1b.jpg,Learn more,Appointment Availability,"[""color"", ""bridal""]",2026-09-30T16:05:24.630940,,a3ca620573c08df8900ce9fe1765a18d3b34d11de5c2890dd7fd8ce2ed25649f
14,Looks Salon,,https://maps.google.com/maps?cid=1004,End of season sale is LIVE! #13 Get flat 30% off on all hair services this week only. Offer valid till Sunday. Don't miss out — call to book!,2026-09-19,static/media/1/4/demo_a4c17c2e.jpg,Visit us,Seasonal Discount,"[""hair"", ""offer""]",2026-09-29T16:05:24.630940,,fec49e7ceca03bdca4b5187909a8eaefe81333f499839d9cf7d6af08dab3d0bd
15,Green Trends,,https://maps.google.com/maps?cid=1005,Monsoon hair woes? Our expert stylists recommend a weekly oil massage and protein treatment to keep your locks healthy. Visit us this week and enjoy 15% off all conditioning services. Call to book your slot! #14,2026-09-18,static/media/1/5/demo_9bb3ec4d.jpg,Message us on WhatsApp,Hair Care Tips,"[""hair"", ""treatment""]",2026-09-28T16:05:24.630940,,607c9761cddb0586439a9f6e914476cabe87ed30958a21a9e92e3bf17b013647
16,Naturals Salon,,https://maps.google.com/maps?cid=1001,"Navratri is here! #15 Get festival-ready with our special Garba Glam package — includes blow-dry, styling & nail art at just ₹999. Limited slots available. Book now!",2026-09-17,static/media/1/1/demo_1af2d5a4.jpg,Book now,Festival Offer,"[""nail""]",2026-10-02T16:05:24.630940,,6dbefe601f438c6118d05d857b19a226db1299e9fddd014fc052ac7769efea3b
17,Enrich Salon,,https://maps.google.com/maps?cid=1002,Balayage is trending this season and we're obsessed! #16 Our expert colorists craft custom balayage looks tailored to your skin tone. Get a free consultation this week. Limited slots!,2026-09-16,static/media/1/2/demo_27f0b28c.jpg,Call to book,Appointment Availability,"[""color"", ""skin""]",2026-10-01T16:05:24.630940,,227ee191bf84363f43fb66551f5d297e1b2d082d03b7494b41f7043551d38415
18,Jawed Habib,,https://maps.google.com/maps?cid=1003,End of season sale is LIVE! #17 Get flat 30% off on all hair services this week only. Offer valid till Sunday. Don't miss out — call to book!,2026-09-15,static/media/1/3/demo_22bbdb15.jpg,Learn more,Seasonal Discount,"[""hair"", ""offer""]",2026-09-30T16:05:24.630940,,68cecb691be970295fc204df63fb08e0902cd00b52d040956e1349692021b6fd
19,Looks Salon,,https://maps.google.com/maps?cid=1004,"Our Dream Bridal Package includes pre-bridal facials, hair spa, mehendi, makeup trial and final day makeup. Packages starting at ₹19,999. Book your bridal consultation today! #18",2026-09-14,static/media/1/4/demo_557e5bc8.jpg,Visit us,Hair Care Tips,"[""hair"", ""bridal"", ""facial"", ""spa"", ""makeup""]",2026-09-29T16:05:24.630940,,fd4106e490634c529445359488c309d815a7af632ee3a78a4a0ff1d67856c446
20,Green Trends,,https://maps.google.com/maps?cid=1005,We're excited to announce our new Scalp Micropigmentation service! #19 Perfect for those experiencing hair thinning or baldness. Consult our certified specialists. First 10 bookings get a complimentary scalp analysis!,2026-09-13,static/media/1/5/demo_0047ca7f.jpg,Message us on WhatsApp,New Service/Product,"[""hair"", ""booking""]",2026-09-28T16:05:24.630940,,2fa4cbcad867bf4238686faa5e44fd77684437215f641f30cb959341ca3ca49b
21,Naturals Salon,,https://maps.google.com/maps?cid=1001,"Meet Priya, our star hair colorist with 8 years of experience! #20 She specializes in global color, highlights, and creative fashion colors. Book with Priya this week and get a complimentary toner!",2026-09-12,static/media/1/1/demo_1f53161c.jpg,Book now,Hair Color Trends,"[""hair"", ""color""]",2026-10-02T16:05:24.630940,,fd7b0cb9e2f581d4cccd6927040b66f4a1bcd6ad59706cae80c913fabc1b90bd
22,Enrich Salon,,https://maps.google.com/maps?cid=1002,Monsoon hair woes? Our expert stylists recommend a weekly oil massage and protein treatment to keep your locks healthy. Visit us this week and enjoy 15% off all conditioning services. Call to book your slot! #21,2026-09-11,static/media/1/2/demo_ad568a09.jpg,Call to book,Hair Care Tips,"[""hair"", ""treatment""]",2026-10-01T16:05:24.630940,,a73ec8d43d41d97a826bd41f75f412d3551187f7096754ff36539b9e8cb241ab
23,Jawed Habib,,https://maps.google.com/maps?cid=1003,End of season sale is LIVE! #22 Get flat 30% off on all hair services this week only. Offer valid till Sunday. Don't miss out — call to book!,2026-09-10,static/media/1/3/demo_f7b48af6.jpg,Learn more,Seasonal Discount,"[""hair"", ""offer""]",2026-09-30T16:05:24.630940,,e39d5fd41655a357cf068f9292d272fed2db420e7580b06e920e19883930f537
24,Looks Salon,,https://maps.google.com/maps?cid=1004,"Check out this incredible hair transformation! #23 Our client came in with damaged, frizzy hair and left with smooth, shiny, healthy locks. All thanks to our signature Brazilian Blowout treatment. Book your transformation today!",2026-09-09,static/media/1/4/demo_b6276755.jpg,Visit us,Hair Care Tips,"[""hair"", ""treatment""]",2026-09-29T16:05:24.630940,,499cbf3f47a7b4cfa477492ba6702e1b94fb7106bcf67aadefc1ca2517b1a10c
25,Green Trends,,https://maps.google.com/maps?cid=1005,Monsoon hair woes? Our expert stylists recommend a weekly oil massage and protein treatment to keep your locks healthy. Visit us this week and enjoy 15% off all conditioning services. Call to book your slot! #24,2026-09-08,static/media/1/5/demo_7072aa1d.jpg,Message us on WhatsApp,Hair Care Tips,"[""hair"", ""treatment""]",2026-09-28T16:05:24.630940,,a32d2e062d7cdae45df45f179d339f23545f4933a7959357f8661a46fa1c12b4
26,Naturals Salon,,https://maps.google.com/maps?cid=1001,Monsoon hair woes? Our expert stylists recommend a weekly oil massage and protein treatment to keep your locks healthy. Visit us this week and enjoy 15% off all conditioning services. Call to book your slot! #25,2026-09-07,static/media/1/1/demo_7b3bf7d3.jpg,Book now,Hair Care Tips,"[""hair"", ""treatment""]",2026-10-02T16:05:24.630940,,82bcd2f1f1ba435ae64d76f7e41c37fcaa1dbe2714a64a4e81676be42c54f454
27,Enrich Salon,,https://maps.google.com/maps?cid=1002,"Check out this incredible hair transformation! #26 Our client came in with damaged, frizzy hair and left with smooth, shiny, healthy locks. All thanks to our signature Brazilian Blowout treatment. Book your transformation today!",2026-09-06,static/media/1/2/demo_a01d0d7a.jpg,Call to book,Hair Care Tips,"[""hair"", ""treatment""]",2026-10-01T16:05:24.630940,,6183408b8dab91c730ccfa121bb1660db67e9ee317e39ac80eaf75575a8a374d
28,Jawed Habib,,https://maps.google.com/maps?cid=1003,"90-day keratin smoothing treatment now available at our salon! #27 Say goodbye to frizz and hello to glossy, manageable hair. Treatment time: 2.5 hours. Book your slot this week!",2026-09-05,static/media/1/3/demo_8a883b2f.jpg,Learn more,New Service/Product,"[""hair"", ""salon"", ""treatment"", ""keratin""]",2026-09-30T16:05:24.630940,,9c0c582d4e2a3030c156e8aec2c8fc93987a3b86945e464c2554635b481fc6ff
29,Looks Salon,,https://maps.google.com/maps?cid=1004,"Navratri is here! #28 Get festival-ready with our special Garba Glam package — includes blow-dry, styling & nail art at just ₹999. Limited slots available. Book now!",2026-09-04,static/media/1/4/demo_158ff5f1.jpg,Visit us,Festival Offer,"[""nail""]",2026-09-29T16:05:24.630940,,36e199270f9507e2d63d0c2266d6a6a3fa5b1480211bf9302e1fd18c01fec5a1
30,Green Trends,,https://maps.google.com/maps?cid=1005,"Our Dream Bridal Package includes pre-bridal facials, hair spa, mehendi, makeup trial and final day makeup. Packages starting at ₹19,999. Book your bridal consultation today! #29",2026-09-03,static/media/1/5/demo_c0269f27.jpg,Message us on WhatsApp,Hair Care Tips,"[""hair"", ""bridal"", ""facial"", ""spa"", ""makeup""]",2026-09-28T16:05:24.630940,,71b58e3df75e63dc6d6df26a50a085c9ef75aa99451850e159516ed9addd0605
31,Naturals Salon,,https://maps.google.com/maps?cid=1001,Balayage is trending this season and we're obsessed! #30 Our expert colorists craft custom balayage looks tailored to your skin tone. Get a free consultation this week. Limited slots!,2026-09-02,static/media/1/1/demo_c456ae5e.jpg,Book now,Appointment Availability,"[""color"", ""skin""]",2026-10-02T16:05:24.630940,,f2f95df266cbc43b3f6732c55eefd02aa04b1b63780210d7978129ff6c6ac3a2
32,Enrich Salon,,https://maps.google.com/maps?cid=1002,We're excited to announce our new Scalp Micropigmentation service! #31 Perfect for those experiencing hair thinning or baldness. Consult our certified specialists. First 10 bookings get a complimentary scalp analysis!,2026-09-01,static/media/1/2/demo_bc8562ec.jpg,Call to book,New Service/Product,"[""hair"", ""booking""]",2026-10-01T16:05:24.630940,,a985de58a0af6b6339b4b34573403d5c73fe19667cfc1a4433dd43c3212b7451
33,Jawed Habib,,https://maps.google.com/maps?cid=1003,"Our Dream Bridal Package includes pre-bridal facials, hair spa, mehendi, makeup trial and final day makeup. Packages starting at ₹19,999. Book your bridal consultation today! #32",2026-08-31,static/media/1/3/demo_f8ec8328.jpg,Learn more,Hair Care Tips,"[""hair"", ""bridal"", ""facial"", ""spa"", ""makeup""]",2026-09-30T16:05:24.630940,,d43dec89529fdbf432f5986a9f20c53f42040a1ffec7b1bc24f5764b6d535ae1
34,Looks Salon,,https://maps.google.com/maps?cid=1004,Monsoon hair woes? Our expert stylists recommend a weekly oil massage and protein treatment to keep your locks healthy. Visit us this week and enjoy 15% off all conditioning services. Call to book your slot! #33,2026-08-30,static/media/1/4/demo_6aa6a923.jpg,Visit us,Hair Care Tips,"[""hair"", ""treatment""]",2026-09-29T16:05:24.630940,,539353867d330ee1a393bec1b3323a88f095d2712428bebc480a575422438b01
35,Green Trends,,https://maps.google.com/maps?cid=1005,Monsoon hair woes? Our expert stylists recommend a weekly oil massage and protein treatment to keep your locks healthy. Visit us this week and enjoy 15% off all conditioning services. Call to book your slot! #34,2026-08-29,static/media/1/5/demo_41bbace3.jpg,Message us on WhatsApp,Hair Care Tips,"[""hair"", ""treatment""]",2026-09-28T16:05:24.630940,,efe7085a89d496e92a2594a3194d0a7c9493d6448a42670d2c09fdda66ed9c0b
36,Naturals Salon,,https://maps.google.com/maps?cid=1001,"Navratri is here! #35 Get festival-ready with our special Garba Glam package — includes blow-dry, styling & nail art at just ₹999. Limited slots available. Book now!",2026-08-28,static/media/1/1/demo_5297f018.jpg,Book now,Festival Offer,"[""nail""]",2026-10-02T16:05:24.630940,,06b5abb3363254cbe8b81726cd9c0edfc899782ce55c88e0eabd782adf3147fe
37,Enrich Salon,,https://maps.google.com/maps?cid=1002,Balayage is trending this season and we're obsessed! #36 Our expert colorists craft custom balayage looks tailored to your skin tone. Get a free consultation this week. Limited slots!,2026-08-27,static/media/1/2/demo_62cab7c4.jpg,Call to book,Appointment Availability,"[""color"", ""skin""]",2026-10-01T16:05:24.630940,,1d0cbe08bf30eb1f48a766b752676011dcbbfb9ccab05f11a47afa8de682c4ac
38,Jawed Habib,,https://maps.google.com/maps?cid=1003,"Good news — slots are now open for this weekend! #37 Whether you need a quick trim, full color, or a bridal trial, we have you covered. Book via link in bio or call us directly.",2026-08-26,static/media/1/3/demo_8b90681c.jpg,Learn more,Appointment Availability,"[""color"", ""bridal""]",2026-09-30T16:05:24.630940,,cdacb3899a73e5a0b7ce4023c43f436d015c5c873ccee51445eeb5fda822a293
39,Looks Salon,,https://maps.google.com/maps?cid=1004,"Check out this incredible hair transformation! #38 Our client came in with damaged, frizzy hair and left with smooth, shiny, healthy locks. All thanks to our signature Brazilian Blowout treatment. Book your transformation today!",2026-08-25,static/media/1/4/demo_ecdc65b1.jpg,Visit us,Hair Care Tips,"[""hair"", ""treatment""]",2026-09-29T16:05:24.630940,,33794448156e36f60fd53e2bee2b024dbfe7ee1b25ceb33cefd0bf90d344a5a5
40,Green Trends,,https://maps.google.com/maps?cid=1005,"Our Dream Bridal Package includes pre-bridal facials, hair spa, mehendi, makeup trial and final day makeup. Packages starting at ₹19,999. Book your bridal consultation today! #39",2026-08-24,static/media/1/5/demo_09c6b9cc.jpg,Message us on WhatsApp,Hair Care Tips,"[""hair"", ""bridal"", ""facial"", ""spa"", ""makeup""]",2026-09-28T16:05:24.630940,,ab797af79babc937a33b5411f123eaebff62329673661c72cefa504fee20dc04
41,Naturals Salon,,https://maps.google.com/maps?cid=1001,"Good news — slots are now open for this weekend! #40 Whether you need a quick trim, full color, or a bridal trial, we have you covered. Book via link in bio or call us directly.",2026-08-23,static/media/1/1/demo_4db89641.jpg,Book now,Appointment Availability,"[""color"", ""bridal""]",2026-10-02T16:05:24.630940,,088fcb67b7646498a91676fbae10648bbba67b42aa8a5ba7a14c89c453604c2a
42,Enrich Salon,,https://maps.google.com/maps?cid=1002,"Check out this incredible hair transformation! #41 Our client came in with damaged, frizzy hair and left with smooth, shiny, healthy locks. All thanks to our signature Brazilian Blowout treatment. Book your transformation today!",2026-08-22,static/media/1/2/demo_772b0383.jpg,Call to book,Hair Care Tips,"[""hair"", ""treatment""]",2026-10-01T16:05:24.630940,,dd00fd21a293248f3c2158ea214bd91852250100eef636db456f293386f25f8a
43,Jawed Habib,,https://maps.google.com/maps?cid=1003,"90-day keratin smoothing treatment now available at our salon! #42 Say goodbye to frizz and hello to glossy, manageable hair. Treatment time: 2.5 hours. Book your slot this week!",2026-08-21,static/media/1/3/demo_1e15cd91.jpg,Learn more,New Service/Product,"[""hair"", ""salon"", ""treatment"", ""keratin""]",2026-09-30T16:05:24.630940,,d4ebaa9e6bb4e44dbda5212118d872021db2b8ed836e14d3a2c4356931540d1f
44,Looks Salon,,https://maps.google.com/maps?cid=1004,Balayage is trending this season and we're obsessed! #43 Our expert colorists craft custom balayage looks tailored to your skin tone. Get a free consultation this week. Limited slots!,2026-08-20,static/media/1/4/demo_501be961.jpg,Visit us,Appointment Availability,"[""color"", ""skin""]",2026-09-29T16:05:24.630940,,4c77b548dd74c1ddebbbfbf81c2f6b855e49ac77f3db31c5bae621c1861aaa68
45,Green Trends,,https://maps.google.com/maps?cid=1005,"Navratri is here! #44 Get festival-ready with our special Garba Glam package — includes blow-dry, styling & nail art at just ₹999. Limited slots available. Book now!",2026-08-19,static/media/1/5/demo_31d39c32.jpg,Message us on WhatsApp,Festival Offer,"[""nail""]",2026-09-28T16:05:24.630940,,1ec3621ddd13c87bb6dffa86e6966798ff1c6c2ff86854887edd5e4dbc96b6e8
46,Naturals Salon,,https://maps.google.com/maps?cid=1001,"Our Dream Bridal Package includes pre-bridal facials, hair spa, mehendi, makeup trial and final day makeup. Packages starting at ₹19,999. Book your bridal consultation today! #45",2026-08-18,static/media/1/1/demo_847055e2.jpg,Book now,Hair Care Tips,"[""hair"", ""bridal"", ""facial"", ""spa"", ""makeup""]",2026-10-02T16:05:24.630940,,87a1be5f8f72100e3e790cfe80ea87424d7e9c0078a53c4db002664d832c8c0c
47,Enrich Salon,,https://maps.google.com/maps?cid=1002,"Good news — slots are now open for this weekend! #46 Whether you need a quick trim, full color, or a bridal trial, we have you covered. Book via link in bio or call us directly.",2026-08-17,static/media/1/2/demo_7d075d05.jpg,Call to book,Appointment Availability,"[""color"", ""bridal""]",2026-10-01T16:05:24.630940,,c216a505d672994262ce58b1ade79302277a394acf5eb6dfc7074f10a4986430
48,Jawed Habib,,https://maps.google.com/maps?cid=1003,End of season sale is LIVE! #47 Get flat 30% off on all hair services this week only. Offer valid till Sunday. Don't miss out — call to book!,2026-08-16,static/media/1/3/demo_a6ea7513.jpg,Learn more,Seasonal Discount,"[""hair"", ""offer""]",2026-09-30T16:05:24.630940,,6a3443ab5115c5f92bf2cdb1f4ec9dcf39f92159a84a81e11edb976eea3b3a54
49,Looks Salon,,https://maps.google.com/maps?cid=1004,"90-day keratin smoothing treatment now available at our salon! #48 Say goodbye to frizz and hello to glossy, manageable hair. Treatment time: 2.5 hours. Book your slot this week!",2026-08-15,static/media/1/4/demo_85957d86.jpg,Visit us,New Service/Product,"[""hair"", ""salon"", ""treatment"", ""keratin""]",2026-09-29T16:05:24.630940,,f019bb16055a4381f1eb39d824d2913db5c04526598f2d2f9d300346cded553b
50,Green Trends,,https://maps.google.com/maps?cid=1005,"Check out this incredible hair transformation! #49 Our client came in with damaged, frizzy hair and left with smooth, shiny, healthy locks. All thanks to our signature Brazilian Blowout treatment. Book your transformation today!",2026-08-14,static/media/1/5/demo_6cebcc47.jpg,Message us on WhatsApp,Hair Care Tips,"[""hair"", ""treatment""]",2026-09-28T16:05:24.630940,,1611e5072ed4380356016abb64ea0d4f3a21416a5baecc1fdb56e18b03aa3b46
51,Naturals Salon,,https://maps.google.com/maps?cid=1001,"Meet Priya, our star hair colorist with 8 years of experience! #50 She specializes in global color, highlights, and creative fashion colors. Book with Priya this week and get a complimentary toner!",2026-08-13,static/media/1/1/demo_d518d276.jpg,Book now,Hair Color Trends,"[""hair"", ""color""]",2026-10-02T16:05:24.630940,,2b95e3710e3fdde6161805f3e6f6c2748842b7a9d6b0232235d6c3b56b564879
52,Enrich Salon,,https://maps.google.com/maps?cid=1002,Monsoon hair woes? Our expert stylists recommend a weekly oil massage and protein treatment to keep your locks healthy. Visit us this week and enjoy 15% off all conditioning services. Call to book your slot! #51,2026-08-12,static/media/1/2/demo_d5ea7de5.jpg,Call to book,Hair Care Tips,"[""hair"", ""treatment""]",2026-10-01T16:05:24.630940,,297478ed10c8680be91f02c8c5909c96506d0cae2fe19431c3f78e5ed04a2a16
53,Jawed Habib,,https://maps.google.com/maps?cid=1003,"Good news — slots are now open for this weekend! #52 Whether you need a quick trim, full color, or a bridal trial, we have you covered. Book via link in bio or call us directly.",2026-08-11,static/media/1/3/demo_f138ed0c.jpg,Learn more,Appointment Availability,"[""color"", ""bridal""]",2026-09-30T16:05:24.630940,,eeec26ea6112aec89104eafac631784b8fb9425d7e0e33fc7fe0171fad488a09
54,Looks Salon,,https://maps.google.com/maps?cid=1004,"90-day keratin smoothing treatment now available at our salon! #53 Say goodbye to frizz and hello to glossy, manageable hair. Treatment time: 2.5 hours. Book your slot this week!",2026-08-10,static/media/1/4/demo_948ca3eb.jpg,Visit us,New Service/Product,"[""hair"", ""salon"", ""treatment"", ""keratin""]",2026-09-29T16:05:24.630940,,80b0a39e83fdfa4881a54c08e79d236877275f32bfb5c1b39251364f613d03f7
55,Green Trends,,https://maps.google.com/maps?cid=1005,"Navratri is here! #54 Get festival-ready with our special Garba Glam package — includes blow-dry, styling & nail art at just ₹999. Limited slots available. Book now!",2026-08-09,static/media/1/5/demo_0d40310f.jpg,Message us on WhatsApp,Festival Offer,"[""nail""]",2026-09-28T16:05:24.630940,,c851bf107197eead02d861beadb3a9302a4b45c311023beba3183e61b89fa88e
